number,ROI_mean,Vec (V)
0,8.067898522727274,0.00135619
1,8.06787579545455,0.00145535
2,8.067911590909093,0.00136239
3,8.067923522727277,0.00146774
4,8.068105909090912,0.00153591
5,8.068757613636363,0.00142436
6,8.066949715909097,0.00139957
7,8.066401420454548,0.00145535
8,8.065988920454547,0.00142436
9,8.066080397727275,0.00148014
10,8.066590625000007,0.00145535
11,8.067098579545462,0.00139957
12,8.06623414772727,0.00137478
13,8.066371079545453,0.00130662
14,8.06636823863636,0.00139957
15,8.06640630681818,0.00138718
16,8.06677789772727,0.00143056
17,8.067570511363632,0.00142436
18,8.067433920454546,0.00142436
19,8.067116874999996,0.00138718
20,8.06670267045454,0.00138718
21,8.066711761363635,0.00139957
22,8.067016306818177,0.00144295
23,8.066980511363637,0.00147394
24,8.066897215909089,0.00148014
25,8.06718982954545,0.00143056
26,8.06766880681818,0.00141816
27,8.067527329545456,0.00147394
28,8.066817102272722,0.00146774
29,8.066397784090908,0.00143676
30,8.066245965909088,0.00136859
31,8.066901079545453,0.00143056
32,8.067227215909089,0.00136859
33,8.06727380681818,0.00143056
34,8.067034602272724,0.00144915
35,8.066424374999997,0.00143056
36,8.06686488636364,0.00139957
37,8.067351250000005,0.00139338
38,8.067169431818185,0.00141816
39,8.067257500000004,0.00149253
40,8.067608068181823,0.00147394
41,8.067279090909095,0.00140577
42,8.066749659090918,0.00143676
43,8.066354204545458,0.00136859
44,8.066768409090916,0.00148014
45,8.06700363636364,0.00147394
46,8.066724659090921,0.00141816
47,8.066526363636372,0.00135619
48,8.06755005681819,0.00130662
49,8.067284715909098,0.0013438
50,8.066976761363648,0.00140577
51,8.066811988636372,0.00151112
52,8.067454602272734,0.00147394
53,8.068135852272738,0.00142436
54,8.068660340909089,0.0015545
55,8.06814215909091,0.00143676
56,8.068501818181822,0.00129422
57,8.067990454545454,0.00143056
58,8.068433636363636,0.00135
59,8.068567159090906,0.00127563
60,8.067675625000003,0.00138098
61,8.067017670454547,0.00140577
62,8.066829034090908,0.00135619
63,8.066753579545457,0.00144295
64,8.066631874999999,0.0013438
65,8.066667784090908,0.00148014
66,8.067291193181815,0.00141197
67,8.066932670454543,0.00148014
68,8.066731534090907,0.00142436
69,8.067146306818172,0.00139957
70,8.067651420454542,0.00132521
71,8.06717926136363,0.00130042
72,8.066685113636357,0.00123225
73,8.067341363636357,0.00135619
74,8.066758409090902,0.00132521
75,8.066328863636356,0.00122605
76,8.066473181818175,0.00136859
77,8.066291931818174,0.00142436
78,8.066876647727272,0.00138098
79,8.066208465909089,0.00148633
80,8.065897670454543,0.00141816
81,8.065944261363633,0.00148014
82,8.066256193181815,0.00135
83,8.06672607954545,0.00128802
84,8.065394034090916,0.00135
85,8.065878125000005,0.00135
86,8.066571875000006,0.00137478
87,8.066704829545461,0.0013314
88,8.06622017045455,0.00141197
89,8.065820170454549,0.00138718
90,8.066279715909086,0.00131281
91,8.067031988636359,0.0629373
92,8.067402443181816,0.201549
93,8.06734789772727,0.201499
94,8.067051306818176,0.201481
95,8.06678142045454,0.201462
96,8.067668181818181,0.201487
97,8.067547159090909,0.201487
98,8.067488068181818,0.201431
99,8.06776988636364,0.201357
100,8.067964204545456,0.20153
101,8.067298920454549,0.20158
102,8.066298352272726,0.201536
103,8.066964829545453,0.201524
104,8.066710852272728,0.201419
105,8.066176761363637,0.201505
106,8.066035852272726,0.201431
107,8.066418863636363,0.201388
108,8.06596346590909,0.201549
109,8.066102102272724,0.201512
110,8.066220852272728,0.201437
111,8.06564755681818,0.201456
112,8.065470284090908,0.201462
113,8.067554943181817,0.201388
114,8.06773931818182,0.201549
115,8.067747272727278,0.20153
116,8.067732500000007,0.20158
117,8.067925681818185,0.201567
118,8.06812170454546,0.201462
119,8.067829659090913,0.201369
120,8.06842789772728,0.201351
121,8.067868238636366,0.201493
122,8.067238693181825,0.197453
123,8.067261420454555,0.201233
124,8.06703982954546,0.201183
125,8.064961420454555,0.201357
126,8.06593403409091,0.20127
127,8.06503346590909,0.201307
128,8.06533630681818,0.201338
129,8.06564596590909,0.201264
130,8.06523005681818,0.20127
131,8.064485738636364,0.201258
132,8.063850852272726,0.201227
133,8.06509289772727,0.201208
134,8.06511164772727,0.20114
135,8.065214488636364,0.201208
136,8.065601420454545,0.20122
137,8.065150852272724,0.201264
138,8.064094090909094,0.201214
139,8.063741818181818,0.201351
140,8.063841250000003,0.201295
141,8.064366818181822,0.201307
142,8.064847500000004,0.201214
143,8.064730511363637,0.20114
144,8.06430068181818,0.201183
145,8.064416590909092,0.20127
146,8.064709204545458,0.201158
147,8.064471193181818,0.201344
148,8.063831363636366,0.201363
149,8.063656420454548,0.201239
150,8.064887272727274,0.201239
151,8.064315681818178,0.201357
152,8.064150340909093,0.201338
153,8.064769659090912,0.201282
154,8.065491250000001,0.201233
155,8.06513784090909,0.201239
156,8.062506590909095,0.201289
157,8.063761704545454,0.201208
158,8.06364181818182,0.201183
159,8.063146931818185,0.201227
160,8.063004318181822,0.20127
161,8.063016250000004,0.201227
162,8.065867840909087,0.201289
163,8.064515000000002,0.201313
164,8.064663863636362,0.201332
165,8.0653275,0.201227
166,8.065678068181818,0.20127
167,8.06572636363636,0.201208
168,8.064430795454545,0.201152
169,8.065474545454551,0.201196
170,8.06583306818182,0.201208
171,8.065437045454546,0.201065
172,8.065009772727276,0.20122
173,8.065413181818185,0.201227
174,8.064636477272726,0.201233
175,8.063996136363635,0.201326
176,8.064668295454545,0.201295
177,8.064639886363635,0.201301
178,8.063941590909092,0.201208
179,8.064588749999999,0.20114
180,8.065451988636362,0.201152
181,8.065457670454546,0.201208
182,8.06528721590909,0.201227
183,8.065067954545453,0.201189
184,8.064895170454545,0.201363
185,8.064778181818182,0.201369
186,8.063526875000003,0.201245
187,8.064513238636366,0.201332
188,8.065059261363636,0.201344
189,8.065154715909095,0.201313
190,8.06487460227273,0.201251
191,8.064270625,0.201202
192,8.06420977272727,0.201233
193,8.06354443181818,0.201233
194,8.064005227272729,0.201158
195,8.06433534090909,0.201251
196,8.064034204545452,0.201171
197,8.063802386363637,0.201158
198,8.064759943181825,0.201146
199,8.064833806818188,0.201351
200,8.065184375000005,0.201245
201,8.065300852272733,0.201258
202,8.06517414772728,0.201295
203,8.065244602272735,0.201233
204,8.065522954545456,0.201289
205,8.06567068181818,0.201313
206,8.065110454545454,0.20132
207,8.064965625000001,0.201295
208,8.065329772727269,0.201189
209,8.065199147727272,0.201165
210,8.064806136363634,0.201096
211,8.064758977272728,0.201307
212,8.065037954545454,0.201295
213,8.064710681818182,0.201189
214,8.063937954545453,0.201258
215,8.063898181818187,0.201295
216,8.065659034090908,0.201202
217,8.06561869318182,0.201332
218,8.065157329545452,0.201313
219,8.064955624999998,0.20132
220,8.065230056818178,0.201208
221,8.065585738636363,0.201196
222,8.06595710227273,0.201202
223,8.066575284090906,0.201344
224,8.066242329545457,0.201233
225,8.06617301136364,0.201282
226,8.06669232954545,0.20127
227,8.066934375,0.201258
228,8.065068465909095,0.201375
229,8.064601420454549,0.201512
230,8.065211647727274,0.2014
231,8.06556056818182,0.201313
232,8.065211647727278,0.201214
233,8.065005454545455,0.20114
234,8.065413181818183,0.201152
235,8.066269431818183,0.201289
236,8.06667681818182,0.201202
237,8.06632568181818,0.201282
238,8.065784772727271,0.201152
239,8.06602909090909,0.201239
240,8.06537227272727,0.201251
241,8.065526250000003,0.201344
242,8.065677954545453,0.201171
243,8.065676306818183,0.201276
244,8.066002954545455,0.201245
245,8.066330852272733,0.201245
246,8.065822840909085,0.201295
247,8.065465454545457,0.201344
248,8.064438181818177,0.201227
249,8.065846761363636,0.201227
250,8.064401250000001,0.201171
251,8.065108693181818,0.201276
252,8.065578238636357,0.201239
253,8.06593448863636,0.201282
254,8.065378806818181,0.201171
255,8.065265170454541,0.201289
256,8.065699261363635,0.201165
257,8.065458352272726,0.201295
258,8.064931420454545,0.201245
259,8.064575738636366,0.201351
260,8.06439164772728,0.201388
261,8.065076306818185,0.20127
262,8.06519107954546,0.201084
263,8.065137670454552,0.19858
264,8.065642215909097,0.195271
265,8.066318352272733,0.19203
266,8.067866079545464,0.18856
267,8.066991647727281,0.185269
268,8.067090511363647,0.181898
269,8.066291647727281,0.178508
270,8.066085568181816,0.175099
271,8.065708295454542,0.171927
272,8.06573045454545,0.168642
273,8.06617477272727,0.165475
274,8.06679863636363,0.162036
275,8.067267954545452,0.158634
276,8.068223522727274,0.155281
277,8.068177500000003,0.151978
278,8.068176363636363,0.148483
279,8.06835022727273,0.145273
280,8.068255340909094,0.141982
281,8.06811215909091,0.138542
282,8.070079829545453,0.135165
283,8.06939914772727,0.131936
284,8.069159943181818,0.128553
285,8.069726420454545,0.125256
286,8.070449715909094,0.121971
287,8.070183238636362,0.118662
288,8.071712613636365,0.115216
289,8.07159102272727,0.112037
290,8.071618295454549,0.108517
291,8.072127954545453,0.105307
292,8.072856931818185,0.101843
293,8.073117159090911,0.0984159
294,8.073299715909085,0.0951686
295,8.073242897727265,0.0919585
296,8.074738352272718,0.088612
297,8.073875284090905,0.085185
298,8.074882102272722,0.0818448
299,8.07647982954545,0.0785789
300,8.075221818181818,0.0752324
301,8.075324659090908,0.0719727
302,8.07555022727273,0.06862
303,8.076032045454546,0.0653108
304,8.076899659090914,0.0619333
305,8.077648522727275,0.0584753
306,8.077451079545456,0.0551227
307,8.077280056818186,0.051801
308,8.077709034090914,0.0485971
309,8.078434090909095,0.0452444
310,8.078996534090916,0.0418917
311,8.079102272727273,0.0386134
312,8.079508181818175,0.0351864
313,8.080474090909087,0.0319205
314,8.080739999999993,0.0286051
315,8.081197386363634,0.025271
316,8.081883181818178,0.0219245
317,8.08182636363636,0.018386
318,8.082495170454548,0.0150457
319,8.082473579545452,0.0117798
320,8.085033238636367,0.00855108
321,8.082590625000003,0.00522321
322,8.083319034090913,0.00188295
323,8.084287840909095,-0.00143872
324,8.085177499999999,-0.00489673
325,8.08550079545454,-0.00815643
326,8.085647954545454,-0.0115958
327,8.084956477272724,-0.0147626
328,8.085579772727272,-0.0181276
329,8.086376931818181,-0.0215051
330,8.087401249999997,-0.0250313
331,8.086646704545453,-0.0281236
332,8.087568863636362,-0.0315507
333,8.087671704545453,-0.0348723
334,8.089109204545453,-0.0382374
335,8.089276250000001,-0.0415777
336,8.089521249999999,-0.0448993
337,8.090075227272727,-0.0481218
338,8.090705909090907,-0.0515798
339,8.090993409090908,-0.0548334
340,8.09142522727273,-0.058279
341,8.091782613636363,-0.0615139
342,8.09318602272727,-0.064817
343,8.091946250000001,-0.0680457
344,8.093192840909094,-0.0714293
345,8.092980909090908,-0.0748006
346,8.094971249999999,-0.0781718
347,8.095570113636365,-0.0814377
348,8.09522903409092,-0.0847036
349,8.094928465909097,-0.0880377
350,8.094850625000005,-0.0914895
351,8.09573982954546,-0.0947554
352,8.09595289772728,-0.0981452
353,8.095941534090914,-0.101467
354,8.097326534090906,-0.104851
355,8.097904374999997,-0.10803
356,8.098985624999996,-0.111475
357,8.099945909090904,-0.114735
358,8.100462329545449,-0.118057
359,8.100669204545452,-0.121521
360,8.1006677840909,-0.124855
361,8.101381988636357,-0.128028
362,8.101452443181811,-0.131486
363,8.101767784090901,-0.134789
364,8.102201874999992,-0.138142
365,8.101687102272718,-0.141513
366,8.103223863636368,-0.144649
367,8.103394886363642,-0.148032
368,8.104344886363638,-0.151503
369,8.105280170454549,-0.154886
370,8.10573522727273,-0.158096
371,8.105851193181822,-0.161474
372,8.10503357954545,-0.16482
373,8.105550056818178,-0.168068
374,8.105860852272722,-0.171396
375,8.106930170454541,-0.174835
376,8.10801880681818,-0.178194
377,8.107190397727265,-0.181503
378,8.108778238636361,-0.184825
379,8.10884073863636,-0.188084
380,8.109031647727267,-0.191536
381,8.109448124999997,-0.194753
382,8.10977482954545,-0.198211
383,8.109517499999997,-0.201631
384,8.110047784090911,-0.204866
385,8.110271079545464,-0.207959
386,8.110909715909095,-0.211448
387,8.111397215909097,-0.214776
388,8.111725056818187,-0.218221
389,8.112350056818189,-0.221456
390,8.112712556818185,-0.224895
391,8.112347784090911,-0.228099
392,8.111847215909096,-0.231427
393,8.111735340909094,-0.234662
394,8.11207619318182,-0.23817
395,8.112419431818186,-0.241535
396,8.114160454545452,-0.244739
397,8.113762727272727,-0.248098
398,8.113661590909087,-0.251364
399,8.114573011363634,-0.254741
400,8.115780340909085,-0.257982
401,8.115651420454544,-0.261372
402,8.116285965909084,-0.264706
403,8.115276306818176,-0.268015
404,8.115359261363626,-0.271541
405,8.115722897727267,-0.274758
406,8.115847897727267,-0.27811
407,8.115947897727267,-0.28155
408,8.116775909090915,-0.284772
409,8.116930454545455,-0.288131
410,8.11688897727273,-0.291341
411,8.116594659090913,-0.294756
412,8.116351477272726,-0.298028
413,8.116600909090911,-0.301467
414,8.117526079545458,-0.304671
415,8.117548238636369,-0.307993
416,8.11794085227273,-0.311401
417,8.118381193181817,-0.31481
418,8.118573806818183,-0.318163
419,8.118453920454545,-0.321583
420,8.117304545454543,-0.324899
421,8.117448295454544,-0.328103
422,8.118075000000003,-0.331437
423,8.118151704545456,-0.334759
424,8.11769090909091,-0.338161
425,8.117728409090905,-0.341476
426,8.119990909090903,-0.344847
427,8.11995227272727,-0.347927
428,8.119158522727266,-0.351392
429,8.11980852272727,-0.354744
430,8.121196590909085,-0.35819
431,8.120269318181814,-0.361598
432,8.117328465909093,-0.364827
433,8.118031306818182,-0.368031
434,8.117775056818182,-0.371477
435,8.117499488636364,-0.374743
436,8.118018806818187,-0.378182
437,8.119256875000003,-0.381497
438,8.120821590909092,-0.384881
439,8.120528409090905,-0.388104
440,8.120671022727269,-0.391382
441,8.12042840909091,-0.39484
442,8.120217045454545,-0.398087
443,8.121300568181814,-0.401427
444,8.120320227272732,-0.404762
445,8.119593522727275,-0.408046
446,8.119841250000006,-0.411392
447,8.120503750000001,-0.414745
448,8.120957159090914,-0.418017
449,8.121002613636366,-0.421438
450,8.121340170454545,-0.424877
451,8.120470284090908,-0.428193
452,8.119929374999998,-0.431446
453,8.120356079545454,-0.434657
454,8.121072556818179,-0.438108
455,8.120661250000003,-0.44148
456,8.12021471590909,-0.444764
457,8.120822102272724,-0.448036
458,8.12087494318181,-0.451284
459,8.120990284090906,-0.454587
460,8.121094829545454,-0.458007
461,8.120449943181818,-0.461558
462,8.119692102272724,-0.464787
463,8.120060852272726,-0.468003
464,8.120711988636371,-0.471461
465,8.120679147727271,-0.474783
466,8.120311420454547,-0.478074
467,8.120904715909091,-0.48155
468,8.12328926136364,-0.484754
469,8.122933011363637,-0.487989
470,8.122185284090907,-0.491311
471,8.121893806818182,-0.494688
472,8.121886988636367,-0.49814
473,8.121192670454546,-0.501394
474,8.121772329545461,-0.50474
475,8.12089107954546,-0.508037
476,8.12108767045455,-0.511445
477,8.121280284090913,-0.514761
478,8.121083125,-0.518151
479,8.121155340909095,-0.521584
480,8.122598295454546,-0.524893
481,8.12220568181818,-0.528048
482,8.122351704545459,-0.531605
483,8.122352329545457,-0.534759
484,8.12224147727273,-0.538155
485,8.122761988636364,-0.541396
486,8.12090380681819,-0.54473
487,8.12085323863637,-0.547866
488,8.120799261363643,-0.546273
489,8.121083409090915,-0.542927
490,8.121283920454552,-0.539649
491,8.120565795454553,-0.53642
492,8.121834090909084,-0.532962
493,8.12131761363636,-0.529628
494,8.121759659090905,-0.52635
495,8.122205681818174,-0.522923
496,8.122272159090903,-0.519663
497,8.122437499999991,-0.516279
498,8.121815909090905,-0.512933
499,8.121215909090914,-0.509574
500,8.122267045454544,-0.506141
501,8.122552840909092,-0.502869
502,8.12168465909091,-0.499702
503,8.121636363636364,-0.496405
504,8.122190568181813,-0.492904
505,8.121189431818175,-0.489687
506,8.121813295454537,-0.486328
507,8.121941704545447,-0.482988
508,8.121204204545451,-0.479629
509,8.121366193181816,-0.476233
510,8.12153119318182,-0.472961
511,8.121103352272728,-0.469522
512,8.120904488636363,-0.466157
513,8.12139721590909,-0.462878
514,8.122129488636364,-0.459619
515,8.122114886363638,-0.45634
516,8.122426590909091,-0.452988
517,8.121805568181822,-0.449685
518,8.121841363636367,-0.446196
519,8.121527727272728,-0.442942
520,8.12101579545455,-0.439627
521,8.12153965909091,-0.436305
522,8.121223465909091,-0.432934
523,8.121633125000004,-0.429494
524,8.121286534090912,-0.426321
525,8.120755284090912,-0.422857
526,8.12045244318182,-0.419573
527,8.12032857954546,-0.416325
528,8.122255681818187,-0.412991
529,8.120930681818187,-0.409571
530,8.121076704545459,-0.406212
531,8.121241534090913,-0.402865
532,8.121275568181819,-0.399581
533,8.122449488636365,-0.396321
534,8.12204664772727,-0.393024
535,8.120844943181819,-0.389572
536,8.120540397727272,-0.386294
537,8.12060232954545,-0.382923
538,8.120426761363635,-0.379521
539,8.119954034090908,-0.376292
540,8.121703863636364,-0.372852
541,8.12153568181818,-0.369667
542,8.122125454545454,-0.366277
543,8.122101079545455,-0.362962
544,8.121312954545452,-0.359789
545,8.120999375000002,-0.356449
546,8.120445965909097,-0.352916
547,8.119278920454546,-0.349619
548,8.11984653409091,-0.346285
549,8.12009994318182,-0.343007
550,8.119810738636364,-0.339667
551,8.120731193181822,-0.33637
552,8.119135227272727,-0.332949
553,8.118348295454547,-0.329627
554,8.1187,-0.326244
555,8.119586363636364,-0.322928
556,8.119696590909097,-0.319625
557,8.118174431818183,-0.316272
558,8.11958380681818,-0.312907
559,8.119201988636364,-0.309542
560,8.11883494318182,-0.306326
561,8.119004829545453,-0.303004
562,8.119668465909088,-0.299645
563,8.120213352272726,-0.296305
564,8.119356534090905,-0.293008
565,8.119234374999998,-0.289643
566,8.118730965909087,-0.286167
567,8.118492329545454,-0.282851
568,8.118838920454543,-0.279604
569,8.119470170454546,-0.276295
570,8.119497670454551,-0.272911
571,8.119242556818186,-0.26954
572,8.119213579545459,-0.266299
573,8.119460170454548,-0.262841
574,8.11954823863637,-0.259562
575,8.118946534090911,-0.256296
576,8.119092897727272,-0.253099
577,8.119791761363638,-0.249765
578,8.119674715909092,-0.246257
579,8.119205965909092,-0.242774
580,8.119050284090912,-0.239527
581,8.11949460227273,-0.236298
582,8.11909693181818,-0.23289
583,8.1184475,-0.229667
584,8.118805454545454,-0.226284
585,8.118415113636361,-0.223148
586,8.117504318181817,-0.219647
587,8.118117386363638,-0.216461
588,8.117038011363631,-0.21314
589,8.116869829545449,-0.209663
590,8.116549375,-0.206323
591,8.116520965909087,-0.20302
592,8.116928352272724,-0.199704
593,8.117487443181817,-0.196494
594,8.117777499999995,-0.193055
595,8.11738090909091,-0.189628
596,8.116588295454543,-0.186244
597,8.116349659090908,-0.182972
598,8.116472954545456,-0.179712
599,8.115864999999998,-0.176335
600,8.116452556818176,-0.173162
601,8.115565056818179,-0.169679
602,8.116001420454541,-0.16632
603,8.116463352272726,-0.162967
604,8.116248011363634,-0.15977
605,8.115853693181814,-0.156491
606,8.115062670454543,-0.153009
607,8.115042215909092,-0.149699
608,8.114312102272722,-0.146347
609,8.113887670454544,-0.142951
610,8.113868920454543,-0.139524
611,8.113409829545454,-0.136214
612,8.113735965909088,-0.13293
613,8.112879715909086,-0.129614
614,8.113183693181815,-0.126355
615,8.11312068181818,-0.122959
616,8.112627443181815,-0.119742
617,8.11319625,-0.116365
618,8.111316420454544,-0.113012
619,8.111427784090909,-0.109678
620,8.111187443181816,-0.106437
621,8.110885738636364,-0.102973
622,8.110583465909091,-0.0995954
623,8.110116420454546,-0.0961497
624,8.110974545454546,-0.0929396
625,8.111173977272726,-0.0895188
626,8.110896704545457,-0.0862777
627,8.110521136363637,-0.0829622
628,8.110396136363637,-0.0797769
629,8.110583068181823,-0.0763684
630,8.109186988636365,-0.0730716
631,8.108206306818184,-0.0697437
632,8.107838125000002,-0.0663662
633,8.107881875,-0.0630632
634,8.107761988636367,-0.0596857
635,8.107112556818182,-0.0564446
636,8.10766488636364,-0.0530362
637,8.106745,-0.0495906
638,8.106564318181823,-0.0461511
639,8.105988181818182,-0.0429534
640,8.105442159090911,-0.0396999
641,8.106603522727275,-0.0364154
642,8.104888806818181,-0.0331433
643,8.104156420454546,-0.0296543
644,8.103719488636363,-0.0263513
645,8.103024602272727,-0.0230048
646,8.102151875000002,-0.0197265
647,8.10186323863636,-0.0164544
648,8.10362482954546,-0.013108
649,8.103349261363645,-0.00972431
650,8.102886761363644,-0.00640883
651,8.102151534090911,-0.00306237
652,8.102692443181827,0.000364649
653,8.103414602272734,0.00368012
654,8.100406363636369,0.00692123
655,8.099950681818182,0.0102677
656,8.09982625,0.0136265
657,8.100173977272727,0.0170908
658,8.098673977272723,0.0204496
659,8.099117727272725,0.0236163
660,8.098305170454534,0.0269876
661,8.097563124999992,0.0303279
662,8.096994943181809,0.0336991
663,8.096783068181809,0.0370456
664,8.096789829545445,0.0403734
665,8.096762045454534,0.0437075
666,8.09522744318182,0.0470602
667,8.09590698863636,0.0504252
668,8.095329715909093,0.0538027
669,8.094668920454547,0.0571181
670,8.094431420454546,0.0604274
671,8.094101875,0.0637491
672,8.094494602272725,0.0670708
673,8.094040624999998,0.070349
674,8.093687784090909,0.0737079
675,8.093012840909092,0.0769428
676,8.092338920454544,0.0803574
677,8.09254465909091,0.0836171
678,8.090603693181814,0.086945
679,8.08894232954545,0.0904092
680,8.089133806818179,0.0937247
681,8.089373068181812,0.0970773
682,8.088799715909087,0.100387
683,8.088326477272723,0.103776
684,8.08731670454545,0.107142
685,8.086739999999994,0.110333
686,8.08629795454545,0.113791
687,8.086829204545452,0.11697
688,8.086818409090903,0.120484
689,8.086668977272726,0.12357
690,8.086430738636368,0.126966
691,8.086308579545458,0.130412
692,8.085468238636366,0.133715
693,8.083139829545457,0.137055
694,8.084668238636366,0.140377
695,8.083889261363641,0.143779
696,8.083448465909093,0.147088
697,8.08335869318182,0.150484
698,8.083029147727277,0.153843
699,8.082054147727279,0.156998
700,8.08186494318182,0.160307
701,8.081917215909098,0.163709
702,8.082846875000003,0.167068
703,8.081295738636364,0.170414
704,8.081620738636365,0.173699
705,8.080244034090912,0.177145
706,8.080107670454545,0.180274
707,8.08051909090909,0.183775
708,8.079159545454546,0.187054
709,8.079235681818181,0.190524
710,8.079244204545457,0.193951
711,8.078978863636364,0.197205
712,8.078202727272727,0.200216
713,8.07749193181818,0.198723
714,8.078392102272723,0.195284
715,8.078780738636356,0.192086
716,8.079053465909087,0.188677
717,8.079036988636359,0.18535
718,8.078558579545453,0.181898
719,8.07761539772727,0.178508
720,8.077933749999996,0.175354
721,8.078121818181815,0.172094
722,8.078107613636359,0.16871
723,8.078055909090907,0.16524
724,8.078261590909092,0.161844
725,8.078891136363634,0.158758
726,8.079404034090912,0.155343
727,8.078877897727278,0.152114
728,8.079337556818182,0.148743
729,8.080972215909092,0.145297
730,8.080121647727275,0.142013
731,8.079938181818182,0.138549
732,8.080925113636356,0.135153
733,8.080302386363634,0.131936
734,8.079975113636358,0.128739
735,8.081149602272722,0.12533
736,8.081484204545449,0.122002
737,8.081519488636362,0.1186
738,8.08240846590909,0.115266
739,8.08236301136364,0.111963
740,8.083597102272726,0.108703
741,8.08407210227273,0.105332
742,8.083974943181818,0.10206
743,8.084942045454547,0.0986948
744,8.083862102272724,0.0953421
745,8.08479164772727,0.0920267
746,8.08550698863636,0.0886802
747,8.084618920454545,0.0853028
748,8.084362102272722,0.0819315
749,8.084319488636359,0.0785851
750,8.085353238636365,0.0752014
751,8.085821988636367,0.0719293
752,8.08637653409091,0.0685581
753,8.08700272727273,0.0653417
754,8.087915738636365,0.0620201
755,8.089010681818182,0.0585869
756,8.088776420454547,0.0552776
757,8.088913920454543,0.0518877
758,8.089209943181816,0.0486714
759,8.08986732954545,0.045294
760,8.090638352272727,0.0419599
761,8.091246306818183,0.0385267
762,8.090913977272725,0.0351926
763,8.091361704545456,0.0319019
764,8.092341249999999,0.0285741
765,8.092283863636368,0.025333
766,8.09323840909091,0.0218564
767,8.093424772727275,0.0185161
768,8.093094204545455,0.0152936
769,8.093749886363636,0.0119843
770,8.094462386363633,0.00866883
771,8.09470159090909,0.00530378
772,8.094515227272721,0.00188915
773,8.094271477272729,-0.00145731
774,8.095241704545446,-0.00484096
775,8.095709886363629,-0.00824939
776,8.096320113636356,-0.0115525
777,8.096704772727266,-0.0146882
778,8.096795681818177,-0.0182392
779,8.096809318181814,-0.0216042
780,8.09658636363636,-0.0248082
781,8.099427840909083,-0.028167
782,8.097878409090908,-0.0313647
783,8.099433011363633,-0.0346616
784,8.09943295454545,-0.0382374
785,8.099720568181818,-0.0415095
786,8.101993181818175,-0.0448683
787,8.102442045454536,-0.0481714
788,8.102896022727263,-0.0514497
789,8.102928522727263,-0.0548334
790,8.10293409090908,-0.0582294
791,8.102931931818175,-0.0615758
792,8.104031931818179,-0.0648541
793,8.104288181818179,-0.0681138
794,8.10434556818182,-0.0713364
795,8.104404659090909,-0.0746085
796,8.104479659090911,-0.0779611
797,8.10440068181818,-0.0814129
798,8.105465681818185,-0.084747
799,8.10651681818182,-0.0880253
800,8.10733556818182,-0.0914213
801,8.106130511363641,-0.0947368
802,8.107554318181824,-0.0980585
803,8.108933352272732,-0.101442
804,8.110040681818177,-0.104789
805,8.109846931818176,-0.10816
806,8.109506590909083,-0.111469
807,8.10890892045454,-0.114685
808,8.109120795454542,-0.117914
809,8.109481704545452,-0.121341
810,8.110559090909092,-0.124706
811,8.111628409090908,-0.128022
812,8.111901136363636,-0.131356
813,8.111850624999999,-0.134752
814,8.113073295454546,-0.138166
815,8.112396647727273,-0.141513
816,8.113215113636366,-0.14481
817,8.113134431818185,-0.148162
818,8.113048068181824,-0.151465
819,8.113052613636365,-0.154676
820,8.113582159090914,-0.158059
821,8.114107159090914,-0.161424
822,8.115591477272726,-0.164876
823,8.11603522727273,-0.168068
824,8.116269886363638,-0.171464
825,8.11800625,-0.174686
826,8.117948295454546,-0.178095
827,8.117310227272728,-0.181392
828,8.117858579545448,-0.184763
829,8.117873352272722,-0.18814
830,8.117752897727266,-0.191388
831,8.11720232954545,-0.194796
832,8.117618238636357,-0.198105
833,8.118172784090904,-0.201483
834,8.11918721590909,-0.20486
835,8.119194034090903,-0.208145
836,8.119520738636357,-0.211299
837,8.119915056818177,-0.214757
838,8.120337784090909,-0.218184
839,8.120912215909083,-0.221487
840,8.119698295454548,-0.224815
841,8.120060227272727,-0.228075
842,8.119532386363634,-0.231427
843,8.120172159090908,-0.234724
844,8.121580681818184,-0.23799
845,8.121194318181821,-0.241368
846,8.12146238636363,-0.244584
847,8.121506136363633,-0.248129
848,8.121313522727272,-0.251221
849,8.121365227272731,-0.25458
850,8.121841931818178,-0.2581
851,8.122472670454545,-0.261465
852,8.12217784090909,-0.264737
853,8.122854545454542,-0.268096
854,8.123034090909089,-0.271294
855,8.122950568181823,-0.274628
856,8.12252840909091,-0.278104
857,8.12147784090909,-0.281475
858,8.12238505681819,-0.284754
859,8.122904943181828,-0.288001
860,8.122590170454556,-0.291317
861,8.122684545454554,-0.294719
862,8.123070284090918,-0.29791
863,8.122370454545463,-0.301251
864,8.122862499999997,-0.304628
865,8.123767045454542,-0.308105
866,8.123426136363632,-0.311488
867,8.123046079545453,-0.314605
868,8.123161363636356,-0.318125
869,8.123219374999998,-0.321428
870,8.124587329545452,-0.324732
871,8.124095852272728,-0.328221
872,8.124047556818184,-0.331288
873,8.124223124999999,-0.334622
874,8.124115170454541,-0.338117
875,8.123404375,-0.341445
876,8.123544886363625,-0.344693
877,8.12423806818181,-0.348101
878,8.124363068181811,-0.351348
879,8.124621022727267,-0.354689
880,8.125014772727265,-0.358085
881,8.124798295454541,-0.361344
882,8.125184943181813,-0.364697
883,8.124913920454544,-0.367969
884,8.125013352272724,-0.371272
885,8.12505142045454,-0.374643
886,8.125153124999997,-0.378083
887,8.125843465909087,-0.381417
888,8.124968522727276,-0.38472
889,8.125139545454545,-0.388004
890,8.125143522727278,-0.39127
891,8.125609431818182,-0.394766
892,8.126102045454548,-0.398093
893,8.125461136363638,-0.40152
894,8.125141022727272,-0.40465
895,8.124235340909088,-0.407928
896,8.12556261363636,-0.411151
897,8.126417215909088,-0.414547
898,8.125766590909087,-0.41798
899,8.125100170454543,-0.421339
900,8.127399545454551,-0.424822
901,8.12720920454546,-0.427964
902,8.126638181818187,-0.431285
903,8.126458125000001,-0.434681
904,8.126663181818182,-0.438121
905,8.126508693181822,-0.441511
906,8.12493738636363,-0.444758
907,8.125893636363635,-0.44808
908,8.125525454545452,-0.451296
909,8.125541988636362,-0.45463
910,8.126496477272726,-0.45797
911,8.127238579545454,-0.461304
912,8.12681801136364,-0.46462
913,8.12662653409091,-0.468084
914,8.126257215909098,-0.471276
915,8.126259488636366,-0.474585
916,8.126710625000001,-0.478092
917,8.127146988636367,-0.481445
918,8.125674261363635,-0.484767
919,8.126627102272728,-0.488095
920,8.126978238636362,-0.491367
921,8.127091306818185,-0.494589
922,8.12707880681818,-0.498029
923,8.126659488636365,-0.501468
924,8.126989886363637,-0.504796
925,8.126987613636363,-0.507987
926,8.126928522727273,-0.511272
927,8.127100113636363,-0.514612
928,8.127311477272727,-0.518039
929,8.127052386363639,-0.521584
930,8.127162954545456,-0.524837
931,8.127048750000002,-0.528116
932,8.127022613636363,-0.531425
933,8.127423806818184,-0.534697
934,8.127728863636365,-0.538124
935,8.127004488636366,-0.541495
936,8.12565977272727,-0.544761
937,8.126585909090908,-0.547928
938,8.127016590909092,-0.546292
939,8.126831363636361,-0.542933
940,8.126724545454547,-0.539729
941,8.127545000000001,-0.536501
942,8.12735960227272,-0.533098
943,8.127313011363631,-0.529702
944,8.126969829545446,-0.526263
945,8.127765852272724,-0.522879
946,8.128518693181812,-0.519557
947,8.126465852272723,-0.516335
948,8.126692272727274,-0.513032
949,8.12688034090909,-0.509685
950,8.125688295454543,-0.506333
951,8.12506613636363,-0.503011
952,8.125424659090909,-0.499683
953,8.12533886363636,-0.496424
954,8.125205284090908,-0.493176
955,8.126418920454544,-0.489675
956,8.127050170454543,-0.486335
957,8.126943409090908,-0.482951
958,8.126341079545453,-0.479629
959,8.125645113636363,-0.476277
960,8.12545579545454,-0.472955
961,8.125615454545445,-0.469615
962,8.126279090909087,-0.466336
963,8.125922329545448,-0.463015
964,8.125278522727266,-0.459662
965,8.126698465909083,-0.456173
966,8.126239772727276,-0.452938
967,8.124909090909096,-0.449616
968,8.125327272727281,-0.446251
969,8.125701193181827,-0.442924
970,8.124960795454554,-0.439701
971,8.123744943181824,-0.436386
972,8.127492272727272,-0.433027
973,8.12603034090909,-0.429674
974,8.125373522727271,-0.426309
975,8.125415624999995,-0.422913
976,8.12572125,-0.419678
977,8.125970738636363,-0.416356
978,8.12589727272727,-0.41306
979,8.12557795454545,-0.409707
980,8.125402954545452,-0.40628
981,8.125593295454541,-0.402822
982,8.126028522727275,-0.399636
983,8.126326249999995,-0.396364
984,8.124770738636366,-0.393111
985,8.125541193181819,-0.389826
986,8.125588920454547,-0.386331
987,8.125223579545453,-0.382954
988,8.125055965909095,-0.379824
989,8.125470738636366,-0.376403
990,8.124661818181819,-0.373063
991,8.124995340909091,-0.369667
992,8.12527204545455,-0.366228
993,8.12530272727273,-0.3629
994,8.125130000000002,-0.359714
995,8.124953295454548,-0.356399
996,8.12581857954545,-0.353053
997,8.125683920454545,-0.349712
998,8.125982215909088,-0.346291
999,8.125780511363637,-0.343007
1000,8.125264602272724,-0.339766
1001,8.125599829545449,-0.33645
1002,8.123950340909092,-0.333104
1003,8.124573068181823,-0.329733
1004,8.123755454545456,-0.326287
1005,8.123430454545458,-0.323021
1006,8.124301477272727,-0.31965
1007,8.125188409090914,-0.316341
1008,8.124974431818185,-0.312883
1009,8.124365340909092,-0.309573
1010,8.123959090909093,-0.306307
1011,8.123540965909088,-0.302905
1012,8.123214772727273,-0.299813
1013,8.123377329545455,-0.296411
1014,8.123473068181816,-0.292996
1015,8.124145795454547,-0.289643
1016,8.124192386363635,-0.286284
1017,8.124165738636364,-0.282938
1018,8.123983295454543,-0.279703
1019,8.123037329545452,-0.276412
1020,8.124647272727271,-0.273128
1021,8.12557852272727,-0.269763
1022,8.12511261363636,-0.266361
1023,8.124835340909089,-0.262934
1024,8.125058636363637,-0.259624
1025,8.124566590909089,-0.256303
1026,8.123287045454543,-0.252987
1027,8.123358636363633,-0.249542
1028,8.123471136363635,-0.246294
1029,8.122980284090907,-0.242904
1030,8.12204102272727,-0.239676
1031,8.121543352272724,-0.236373
1032,8.123455681818182,-0.23307
1033,8.123843181818177,-0.229754
1034,8.124140909090908,-0.226513
1035,8.123767670454546,-0.223086
1036,8.122896590909091,-0.219758
1037,8.12212221590909,-0.216585
1038,8.122541988636364,-0.213158
1039,8.122570965909091,-0.209725
1040,8.12202039772727,-0.20631
1041,8.123168181818182,-0.203032
1042,8.123185738636364,-0.199735
1043,8.122392045454545,-0.196376
1044,8.122787272727267,-0.192999
1045,8.123152045454543,-0.189832
1046,8.12247079545454,-0.186318
1047,8.122225909090904,-0.182966
1048,8.122337272727266,-0.179557
1049,8.121270227272722,-0.176434
1050,8.11961772727272,-0.17318
1051,8.119344431818176,-0.169766
1052,8.119938749999996,-0.166463
1053,8.119850738636359,-0.163017
1054,8.119160909090903,-0.159757
1055,8.11948767045454,-0.15646
1056,8.119797897727269,-0.153151
1057,8.118884829545449,-0.149656
1058,8.118380852272725,-0.146322
1059,8.118309261363637,-0.143019
1060,8.118114943181814,-0.139672
1061,8.117229715909087,-0.136375
1062,8.118133465909095,-0.132886
1063,8.117819829545454,-0.129726
1064,8.11764880681818,-0.126243
1065,8.117257897727272,-0.122977
1066,8.116450511363636,-0.119736
1067,8.115489147727272,-0.116526
1068,8.116958409090913,-0.112963
1069,8.116524318181819,-0.109672
1070,8.11639363636364,-0.106332
1071,8.116300511363644,-0.102942
1072,8.116147045454552,-0.0996759
1073,8.116124943181825,-0.0965278
1074,8.115790397727269,-0.0931317
1075,8.115717670454542,-0.0897853
1076,8.115714261363632,-0.0864574
1077,8.115029602272728,-0.0830304
1078,8.114046647727267,-0.0796034
1079,8.114039318181815,-0.0763498
1080,8.113082670454551,-0.0728671
1081,8.11331164772728,-0.0697499
1082,8.11337357954546,-0.0663662
1083,8.113015056818186,-0.0631065
1084,8.11246789772728,-0.0598097
1085,8.112263352272734,-0.0564942
1086,8.112510340909084,-0.0530424
1087,8.112201818181806,-0.0498942
1088,8.11156318181817,-0.046461
1089,8.11092176136363,-0.0431517
1090,8.110794999999989,-0.0397805
1091,8.111480852272715,-0.0364774
1092,8.109750965909088,-0.0331681
1093,8.10969528409091,-0.0298403
1094,8.10999755681818,-0.0263637
1095,8.10966232954545,-0.0230296
1096,8.108609488636363,-0.0196707
1097,8.107818579545452,-0.0163553
1098,8.10697181818182,-0.013015
1099,8.106497386363642,-0.00976769
1100,8.10590193181819,-0.00642743
1101,8.105122500000006,-0.00312435
1102,8.104770681818188,0.000228312
1103,8.105674772727278,0.00353139
1104,8.105119261363638,0.00681588
1105,8.10346357954546,0.0101623
1106,8.103305625000003,0.0135584
1107,8.103535738636365,0.016911
1108,8.103195397727278,0.0203319
1109,8.102377215909092,0.0235978
1110,8.10300267045455,0.0268389
1111,8.101269147727276,0.0302783
1112,8.100358920454546,0.0336743
1113,8.100232840909095,0.0370951
1114,8.100164034090914,0.0403734
1115,8.09952431818182,0.0436207
1116,8.099640000000004,0.04693
1117,8.099671250000009,0.0502579
1118,8.099559886363643,0.0535672
1119,8.098678068181819,0.05705
1120,8.097761590909096,0.0603283
1121,8.09835306818182,0.0636685
1122,8.097187102272724,0.0670212
1123,8.097708124999995,0.0702809
1124,8.097329715909089,0.0736893
1125,8.097269090909089,0.076918
1126,8.09745073863636,0.0802521
1127,8.096621931818177,0.0836605
1128,8.094318295454542,0.0869264
1129,8.094901250000001,0.0903472
1130,8.094654090909092,0.0938176
1131,8.093737102272733,0.0972075
1132,8.093323409090912,0.100455
1133,8.094599034090912,0.103696
1134,8.092342670454538,0.107042
1135,8.092756874999997,0.110358
1136,8.092157443181813,0.113649
1137,8.09221085227272,0.117026
1138,8.092336420454538,0.120267
1139,8.09031369318181,0.123483
1140,8.091212329545458,0.126836
1141,8.090575965909094,0.130356
1142,8.089835625000003,0.133653
1143,8.089425965909093,0.13713
1144,8.089320852272731,0.140371
1145,8.089321988636366,0.143661
1146,8.087781931818188,0.147026
1147,8.087351250000006,0.150193
1148,8.088464318181822,0.15375
1149,8.087260909090913,0.157029
1150,8.08606090909091,0.160449
1151,8.087870000000002,0.163734
1152,8.085043522727277,0.166963
1153,8.084923636363637,0.17029
1154,8.084805454545457,0.173656
1155,8.084512840909092,0.177021
1156,8.084079318181816,0.180305
1157,8.083762840909094,0.183633
1158,8.084530227272726,0.186992
1159,8.083062045454541,0.1904
1160,8.083009772727268,0.193747
1161,8.08334045454545,0.197068
1162,8.082847840909087,0.200074
1163,8.081330795454543,0.198735
1164,8.083677386363634,0.197948
1165,8.083596136363637,0.197886
1166,8.083465454545454,0.197948
1167,8.08350125,0.197948
1168,8.083432499999999,0.197886
1169,8.082768863636364,0.197942
1170,8.082793579545454,0.197818
1171,8.083131079545451,0.197862
1172,8.08295096590909,0.197849
1173,8.083143011363632,0.197843
1174,8.083565738636363,0.197837
1175,8.083123693181816,0.197862
1176,8.084151761363636,0.197868
1177,8.083636420454546,0.197905
1178,8.083415965909092,0.197942
1179,8.083731875000002,0.197812
1180,8.084472215909091,0.197843
1181,8.085243806818182,0.197874
1182,8.08482653409091,0.197831
1183,8.085350965909088,0.197917
1184,8.085665738636362,0.197911
1185,8.085589034090905,0.197998
1186,8.085443579545455,0.197936
1187,8.085745284090908,0.197967
1188,8.084179545454539,0.197961
1189,8.084557954545446,0.197837
1190,8.084253977272718,0.197948
1191,8.084497727272721,0.197911
1192,8.084848295454536,0.197787
1193,8.083590340909085,0.197744
1194,8.084953806818183,0.197824
1195,8.085457784090906,0.197849
1196,8.085932784090911,0.197948
1197,8.085822556818183,0.19788
1198,8.08600835227273,0.197849
1199,8.086229375000002,0.110885
1200,8.084463636363637,0.00126324
1201,8.084916477272726,0.00147394
1202,8.085416477272723,0.00146154
1203,8.085992613636357,0.00142436
1204,8.086249431818176,0.00137478
1205,8.085649999999998,0.00144915
1206,8.08610528409091,0.00141197
1207,8.08571835227272,0.00132521
1208,8.085799034090908,0.00144915
1209,8.086790511363633,0.00141197
1210,8.08608028409091,0.00144915
1211,8.086826874999998,0.00145535
1212,8.084464772727275,0.0013376
1213,8.085077272727277,0.00128802
1214,8.08507613636364,0.00139338
1215,8.084684659090913,0.00138718
1216,8.084241477272734,0.00138098
1217,8.08394829545455,0.00128183
1218,8.084200795454539,0.00146774
1219,8.085729772727268,0.00140577
1220,8.085761590909085,0.00150492
1221,8.085341136363631,0.00144295
1222,8.08513829545454,0.0015545
1223,8.084877499999994,0.00131281
1224,8.086088693181821,0.00128183
1225,8.086296647727274,0.00135
1226,8.086850625000004,0.00147394
1227,8.087085284090913,0.00141816
1228,8.086821647727279,0.00131281
1229,8.086501761363637,0.00136859
1230,8.08462499999999,0.00127563
1231,8.084689204545445,0.00140577
1232,8.084617613636354,0.00143676
1233,8.084044886363628,0.00140577
1234,8.084680681818172,0.00161028
1235,8.085456818181807,0.00146154
1236,8.085784602272726,0.00152352
1237,8.085626079545452,0.00147394
1238,8.085428920454545,0.00144295
1239,8.085527272727264,0.00128802
1240,8.085711875,0.00131281
1241,8.08543352272727,0.00135
1242,8.086370681818176,0.0013376
1243,8.086693977272718,0.00138098
1244,8.086982045454539,0.00143056
1245,8.086805340909086,0.00147394
1246,8.08655363636363,0.00138098
1247,8.08704113636363,0.00126943
1248,8.086139374999997,0.00136859
1249,8.086728579545452,0.00131901
1250,8.086866647727275,0.00143056
1251,8.086879204545452,0.00146154
1252,8.086818920454546,0.00130662
1253,8.086400227272726,0.00148014
1254,8.087009431818187,0.00138718
1255,8.086052613636365,0.00143056
1256,8.086410000000004,0.00144295
1257,8.086571363636368,0.00147394
1258,8.085724204545459,0.00135
1259,8.085476477272728,0.00135619
1260,8.086740511363631,0.00137478
1261,8.086810397727268,0.00152971
1262,8.086685397727269,0.00144915
1263,8.08590704545454,0.00131281
1264,8.086231988636364,0.00129422
1265,8.08675022727272,0.00131281
1266,8.086459829545452,0.0013314
1267,8.085945624999995,0.00137478
1268,8.084855852272725,0.00153591
1269,8.085392215909087,0.00138718
1270,8.084512670454544,0.00144295
1271,8.08594846590909,0.00138098
1272,8.086528863636353,0.0013376
1273,8.08599079545454,0.00144915
1274,8.085529999999991,0.00141197
1275,8.085825454545446,0.00149253
1276,8.086058977272721,0.00132521
1277,8.086214147727267,0.00123845
1278,8.087125284090911,0.00131281
1279,8.086328693181823,0.00141816
1280,8.086630397727278,0.00150492
1281,8.08681335227273,0.00149873
1282,8.086646306818187,0.00153591
1283,8.087054318181822,0.00151112
1284,8.086967386363632,0.0013438
1285,8.087515113636359,0.00125704
1286,8.08808613636363,0.00144915
1287,8.087766818181812,0.00139338
1288,8.087187840909086,0.00142436
1289,8.087945795454544,0.00131281
1290,8.08517420454546,0.00143056
1291,8.085667954545459,0.00131901
1292,8.086036136363642,0.00141816
1293,8.085482727272732,0.00162887
1294,8.08470715909091,0.00149873
1295,8.085338977272734,0.00135619
1296,8.085448636363635,0.00131901
1297,8.086767386363638,0.00135619
1298,8.08693159090909,0.00127563
1299,8.086681022727271,0.00142436
1300,8.08637477272727,0.00147394
1301,8.085657727272729,0.00130662
1302,8.086882272727276,0.00152971
1303,8.087412954545458,0.00151112
1304,8.087107840909091,0.00141197
1305,8.08689022727273,0.0013314
1306,8.086926022727276,0.00138098
1307,8.086501022727278,0.00135
1308,8.086889715909093,0.00136859
1309,8.086586875000005,0.00138098
1310,8.086396534090913,0.0013314
1311,8.086476136363641,0.00147394
1312,8.086693125000004,0.00136859
1313,8.08673806818182,0.00128183
1314,8.087206306818187,0.0013438
1315,8.086849488636366,0.00135
1316,8.087127897727276,0.00138718
1317,8.087705738636366,0.00137478
1318,8.08775517045455,0.00144295
1319,8.08666142045455,0.00150492
1320,8.085937897727277,0.00142436
1321,8.086257215909095,0.00142436
1322,8.086729375000006,0.00140577
1323,8.086732215909095,0.00139957
1324,8.08629585227273,0.00131281
1325,8.086094715909097,0.00126324
1326,8.086741250000003,0.00132521
1327,8.086304886363639,0.00136859
1328,8.086060000000002,0.00146154
1329,8.08646681818182,0.00146154
1330,8.08733897727273,0.00141816
1331,8.087945227272726,0.00139957
1332,8.085885965909085,0.00136859
1333,8.086536534090904,0.00131901
1334,8.087217784090903,0.00143676
1335,8.087116079545451,0.00149253
1336,8.086455284090908,0.00139957
1337,8.086287102272722,0.00138718
1338,8.08587613636364,0.00139338
1339,8.086756818181819,0.00139338
1340,8.087328977272731,0.00139957
1341,8.086935909090908,0.00139338
1342,8.086386363636363,0.0013314
1343,8.087226250000004,0.00132521
1344,8.087281193181816,0.00136859
1345,8.087221534090906,0.00130662
1346,8.087162443181818,0.00135
1347,8.087153352272727,0.00150492
1348,8.087051647727273,0.00125704
1349,8.08668573863636,0.00137478
1350,8.087200625,0.00141816
1351,8.086705738636367,0.00145535
1352,8.08724096590909,0.00148633
1353,8.086818806818183,0.00143056
1354,8.085909147727271,0.00150492
1355,8.087050624999996,0.00144915
1356,8.08680590909091,0.00146774
1357,8.086130340909092,0.00146774
1358,8.086976931818185,0.00146774
1359,8.087487215909091,0.00144915
1360,8.086992840909089,0.00131281
1361,8.086594602272728,0.00128802
1362,8.08804875,0.00130662
1363,8.088136818181821,0.00143056
1364,8.08714534090909,0.00139957
1365,8.086970397727272,0.00146154
1366,8.087715227272732,0.00136859
1367,8.087636875000001,0.00132521
1368,8.087959772727265,0.00136859
1369,8.08719386363636,0.00138098
1370,8.087513749999996,0.00144915
1371,8.088265454545452,0.00149253
1372,8.08861545454545,0.00148014
1373,8.088231931818173,0.00150492
1374,8.088190795454551,0.00152352
1375,8.088168636363639,0.00143676
1376,8.087910113636367,0.0015607
1377,8.087707272727277,0.00139957
1378,8.08755045454546,0.00141816
1379,8.087199318181819,0.0013376
1380,8.08695022727272,0.00141816
1381,8.086371249999992,0.00139957
1382,8.08687636363636,0.00149253
1383,8.087255909090901,0.00137478
1384,8.087225795454538,0.00142436
1385,8.08763488636363,0.00126943
1386,8.087983920454535,0.00130662
1387,8.087251534090903,0.00137478
1388,8.087233920454537,0.00140577
1389,8.087421477272725,0.00159168
1390,8.087278806818176,0.00146154
1391,8.086735681818176,0.00148633
1392,8.086901818181813,0.00151732
1393,8.086341022727273,0.00144915
1394,8.08630806818182,0.00143676
1395,8.086206420454543,0.00151112
1396,8.08601431818182,0.0013438
1397,8.086319488636365,0.00139338
1398,8.085972727272733,0.0013376
1399,8.086627272727274,0.00142436
1400,8.08714772727273,0.00135619
1401,8.087276761363638,0.00141816
1402,8.087292613636363,0.00131901
1403,8.087710852272725,0.00126943
1404,8.087474034090903,0.00137478
1405,8.08777289772727,0.00140577
1406,8.08790073863636,0.00142436
1407,8.087218409090907,0.00148633
1408,8.086307556818179,0.00149873
1409,8.086545681818178,0.00141197
1410,8.087486022727267,0.00131901
1411,8.087497954545453,0.00141197
1412,8.08725477272727,0.00141197
1413,8.087541704545451,0.00141197
1414,8.087891136363636,0.00131901
1415,8.08697465909091,0.00131901
1416,8.088828238636367,0.00135
1417,8.088192443181818,0.00140577
1418,8.088304943181818,0.00152352
1419,8.08811744318182,0.00135619
1420,8.087791875000004,0.00148633
1421,8.088563465909091,0.00130662
1422,8.087935227272725,0.00144295
1423,8.087871590909081,0.00148014
1424,8.087392613636359,0.00146774
1425,8.08755056818181,0.00146774
1426,8.087918181818177,0.00142436
1427,8.086943749999993,0.00144295
1428,8.086331534090906,0.00128802
1429,8.08765085227272,0.00148633
1430,8.087938920454539,0.00143056
1431,8.08750880681818,0.00146774
1432,8.087170738636358,0.00136859
1433,8.087468465909089,0.00128183
1434,8.087790340909088,0.0013314
1435,8.087325568181818,0.00131281
1436,8.087994318181817,0.00142436
1437,8.088546647727272,0.00139338
1438,8.08866818181818,0.00138098
1439,8.089198352272728,0.0013314
1440,8.08871846590909,0.00136859
1441,8.088657102272727,0.00142436
1442,8.088806534090915,0.00143056
1443,8.088739488636362,0.00153591
1444,8.088224147727272,0.00143676
1445,8.087476988636366,0.00154211
1446,8.088293693181818,0.00149873
1447,8.088535170454547,0.00137478
1448,8.088619829545454,0.00144295
1449,8.088519829545458,0.00150492
1450,8.08820505681818,0.00138098
1451,8.08771528409091,0.00129422
1452,8.086464431818182,0.00129422
1453,8.087435454545455,0.00138098
1454,8.087746818181817,0.0013438
1455,8.088197386363639,0.00138098
1456,8.088829204545455,0.00152971
1457,8.08875590909091,0.00161028
1458,8.087852954545461,0.00146774
1459,8.087354090909095,0.00141816
1460,8.087619431818185,0.00154211
1461,8.087610965909096,0.00137478
1462,8.087380227272737,0.00132521
1463,8.088017784090916,0.00136859
1464,8.088420681818178,0.00131281
1465,8.088172386363635,0.00135
1466,8.088053068181814,0.00141816
1467,8.087783749999996,0.00139957
1468,8.087770681818178,0.00139957
1469,8.088750795454544,0.00145535
1470,8.087866136363637,0.00142436
1471,8.088299090909095,0.00143676
1472,8.088458750000003,0.00140577
1473,8.088059318181818,0.0015545
1474,8.08759113636364,0.00142436
1475,8.087887159090908,0.00146154
1476,8.088629545454545,0.00135619
1477,8.088388636363636,0.00139957
1478,8.087816477272728,0.00137478
1479,8.087682386363637,0.00130662
1480,8.088086363636362,0.00148014
1481,8.088400000000002,0.00130042
1482,8.087708522727276,0.00139957
1483,8.086733522727279,0.00142436
1484,8.086913068181822,0.00144915
1485,8.087971022727277,0.0013438
1486,8.088202272727274,0.00135619
1487,8.085934659090912,0.0013376
1488,8.088103636363645,0.0013438
1489,8.087774090909095,0.00144295
1490,8.087512727272731,0.00141816
1491,8.087665000000008,0.00154211
1492,8.087832045454551,0.00147394
1493,8.08723323863637,0.00149253
1494,8.08754738636364,0.0013376
1495,8.088216704545458,0.00143056
1496,8.088545681818182,0.00143056
1497,8.088687727272726,0.0013314
1498,8.088629772727272,0.00127563
1499,8.088166136363634,0.00142436
1500,8.087415000000005,0.0013314
1501,8.08730534090909,0.00143676
1502,8.08720931818182,0.00145535
1503,8.086823522727276,0.00144915
1504,8.086555340909088,0.00139338
1505,8.08719965909091,0.00143056
1506,8.08799892045454,0.00149873
1507,8.087108011363632,0.00138718
1508,8.086975624999996,0.0015607
1509,8.087046136363632,0.00147394
1510,8.087039829545455,0.00141816
1511,8.087179659090905,0.00144915
1512,8.086784715909092,0.00140577
1513,8.086430170454546,0.00136859
1514,8.087626193181821,0.00136239
1515,8.087748352272728,0.00152352
1516,8.086789261363636,0.00138098
1517,8.087390397727274,0.00128802
1518,8.086864999999996,0.0013314
1519,8.086948522727262,0.00139338
1520,8.087105340909083,0.00148014
1521,8.086950284090905,0.0013438
1522,8.086961590909086,0.00131281
1523,8.088053124999997,0.00132521
1524,8.087229034090912,0.00128183
1525,8.087802897727272,0.00136239
1526,8.087079034090907,0.00149873
1527,8.087007443181818,0.00148633
1528,8.08795573863636,0.00143676
1529,8.088380170454545,0.00149253
